restaurant_name,price_range,rating,total_reviews,category,location,province,address
Sun Fortune Restaurant,$$,4.3 ,36,Chinese,winnipeg,MB,"2077 Pembina Hwy Winnipeg, MB R3T 5J9 Canada"
Yujiro Japanese Restaurant,$$,4.4 ,48,Japanese,winnipeg,MB,"1822 Grant Avenue Winnipeg, MB R3N 0N3 Canada"
OEB Breakfast,$$,3.3 ,21,Breakfast & Brunch,winnipeg,MB,"100 - 330 Main Street Winnipeg, MB R3C 0Y7 Canada"
Deer + Almond,$$,4.3 ,73,Tapas Bars,winnipeg,MB,"85 Princess Street Winnipeg, MB R3B 1K4 Canada"
Brazen Hall,$$,3.6 ,67,Canadian (New),winnipeg,MB,"800 Pembina Highway Winnipeg, MB R3M 2M7 Canada"
Clementine,$$,4.6 ,141,Cafes,winnipeg,MB,"123 Princess Street Winnipeg, MB R3B 1K8 Canada"
Fusion Grill,$$$,4.3 ,36,Canadian (New),winnipeg,MB,"550 Academy Road Winnipeg, MB R3N 0E3 Canada"
Bellissimo Restaurant & Lounge,$$,4.0 ,21,Italian,winnipeg,MB,"877 Waverley Street Winnipeg, MB R3T 5V3 Canada"
Sous Sol,$$$$,4.9 ,16,French,winnipeg,MB,"222 Osborne Street Unit 22 Winnipeg, MB R3L 1Z3 Canada"
Asian Hot Pot,$$,4.1 ,14,Hot Pot,winnipeg,MB,"740 Corydon Avenue Winnipeg, MB R3M 0W6 Canada"
The Merchant Kitchen,$$,4.0 ,34,Cocktail Bars,winnipeg,MB,"314 Donald Street Winnipeg, MB R3B 2B9 Canada"
Marion Street Eatery,$$,4.2 ,55,Canadian (New),winnipeg,MB,"393 Marion Street Winnipeg, MB R2H Canada"
BMC Market,$,4.4 ,27,Mexican,winnipeg,MB,"722 Osborne Street Winnipeg, MB R3L Canada"
Pho Hoang,$$,4.4 ,67,Vietnamese,winnipeg,MB,"794 Sargent Avenue Suite 5 Winnipeg, MB R3E 0B7 Canada"
Tre Visi Cafe,$$,4.5 ,13,Italian,winnipeg,MB,"926 Grosvenor Avenue Winnipeg, MB R3M 2W9 Canada"
Vera,$$,4.8 ,9,Pizza,winnipeg,MB,"670 Osborne Street Winnipeg, MB R3L 2B9 Canada"
Bonfire Bistro,$$$,3.9 ,20,Italian,winnipeg,MB,"1433 Corydon Avenue Winnipeg, MB R3N 0J2 Canada"
Peasant Cookery,$$$,4.0 ,61,French,winnipeg,MB,"283 Bannatyne Avenue Winnipeg, MB R3B 1M3 Canada"
Harth Mozza & Wine Bar,$$$,4.0 ,36,Italian,winnipeg,MB,"980 St Anne's Road Winnipeg, MB R2M 2X9 Canada"
IGI BBQ and Sushi Bistro,$$,3.5 ,26,Sushi Bars,winnipeg,MB,"10-1875 Pembina Highway Winnipeg, MB R3T 2G6 Canada"
East India Company Pub & Eatery,$$,4.1 ,91,Indian,winnipeg,MB,"349 York Avenue Winnipeg, MB R3C 3S9 Canada"
Cafe Dario,$$$,4.5 ,22,Latin American,winnipeg,MB,"1390 Erin Street Winnipeg, MB R3E 2S8 Canada"
Santa Ana Pizzeria & Bistro,$$,4.5 ,23,Pizza,winnipeg,MB,"1631 St. Mary's Road Unit F Winnipeg, MB R2N 1Z4 Canada"
The Palm Room,$$,4.1 ,10,Cocktail Bars,winnipeg,MB,"222 Broadway Winnipeg, MB R3C 0R3 Canada"
Enoteca,$$$,4.2 ,30,Tapas Bars,winnipeg,MB,"A-1670 Corydon Avenue Winnipeg, MB R3N 0J7 Canada"
Ichiban Japanese Steakhouse,$$$,3.8 ,20,Japanese,winnipeg,MB,"189 Carlton St Winnipeg, MB R3C 3H7 Canada"
The Grove Pub & Restaurant,$$,4.0 ,24,British,winnipeg,MB,"164 Stafford St Winnipeg, MB R3M 2V8 Canada"
JOEY Polo Park,$$,4.3 ,54,Canadian (New),winnipeg,MB,"635 Saint James St Winnipeg, MB R3G 3R4 Canada"
Izakaya Edokko,$$,4.3 ,20,Sushi Bars,winnipeg,MB,"190 Smith Street Winnipeg, MB R3C 1J8 Canada"
Tipsy Cow,$$,3.5 ,13,Bars,winnipeg,MB,"285 Portage Avenue Winnipeg, MB R3B 2B4 Canada"
Capital Grill and Bar,$$,4.0 ,30,Seafood,winnipeg,MB,"3116 Roblin Boulevard Winnipeg, MB R3R 0C1 Canada"
Cibo Waterfront Cafe,$$,3.5 ,46,Mediterranean,winnipeg,MB,"339 Waterfront Drive Winnipeg, MB R3B 0G8 Canada"
Bistro Dansk,$$,4.4 ,14,Modern European,winnipeg,MB,"63 Sherbrook St Winnipeg, MB R3C 2B2 Canada"
529 Wellington,$$$$,3.9 ,74,Steakhouses,winnipeg,MB,"529 Wellington Cresent Winnipeg, MB R3M 0A1 Canada"
Komodo Chinese Restaurant,$$,4.3 ,3,Chinese,winnipeg,MB,"1031 Autumnwood Dr Winnipeg, MB R2J 1C6 Canada"
Wood Tavern & Grill,$$,3.3 ,6,Barbeque,winnipeg,MB,"112 Marion St Winnipeg, MB R2H 0T1 Canada"
Dancing Noodle,$,3.6 ,8,Chinese,winnipeg,MB,"1393A Pembina Highway Winnipeg, MB R3T 2B8 Canada"
The Blue Marble Restaurant & Lounge,$$,4.2 ,22,Tapas/Small Plates,winnipeg,MB,"1979 Wellington Avenue Winnipeg, MB R3H 1H5 Canada"
Saperavi,$$$,4.8 ,16,Middle Eastern,winnipeg,MB,"709 Corydon Avenue Winnipeg, MB R3M 0W4 Canada"
Moxies,$$$,3.3 ,54,Steakhouses,winnipeg,MB,"1750 Sargent Ave Winnipeg, MB R3H 0C7 Canada"
Monticchio Ristorante Italiano,$$,3.9 ,14,Caterers,winnipeg,MB,"684 Osborne Street Winnipeg, MB R3L 2B9 Canada"
Tehran Market & Cafe,$$,4.4 ,9,Mediterranean,winnipeg,MB,"8-1875 Pembina Highway Winnipeg, MB R3T 2G7 Canada"
Fergies Fish N Chips & Seafood Market,$$,4.3 ,40,Seafood,winnipeg,MB,"1 Forks Market Road Suite 142 Winnipeg, MB R3C 4L9 Canada"
Carbone Coal Fired Pizza,$$,4.0 ,12,Pizza,winnipeg,MB,"260 Saint Mary Avenue Winnipeg, MB R3C 0M6 Canada"
Momo,$,4.2 ,18,Sushi Bars,winnipeg,MB,"2855 Pembina Highway Unit 40 Winnipeg, MB R3T 2H5 Canada"
The Tallest Poppy,$$,3.4 ,33,Canadian (New),winnipeg,MB,"103 Sherbrook Winnipeg, MB R3C 2B5 Canada"
Noodle Express,$,3.7 ,15,Dim Sum,winnipeg,MB,"180 King Street Unit 107 Winnipeg, MB R3B 3G8 Canada"
White Star Diner,$,4.3 ,12,Burgers,winnipeg,MB,"258 Kennedy St Winnipeg, MB R3C 1T2 Canada"
TH Dang Restaurant,$$,4.2 ,30,Vietnamese,winnipeg,MB,"1425 Pembina Highway Winnipeg, MB R3T 2C2 Canada"
Smith Restaurant,$$$,3.4 ,28,Canadian (New),winnipeg,MB,"75 Forks Market Road Winnipeg, MB R3C 4Y3 Canada"
New Golden Inn Restaurant,$$,4.6 ,7,Chinese,winnipeg,MB,"1084 Pembina Hwy Winnipeg, MB R3T 1Z9 Canada"
Colosseo Ristorante Italiano,$$,3.8 ,15,Caterers,winnipeg,MB,"670 Corydon Ave Winnipeg, MB R3M 0X7 Canada"
Jollibee,$,3.6 ,25,Chicken Shop,winnipeg,MB,"1406 Ellice Ave Winnipeg, MB R3G 0G4 Canada"
La Fiesta Cafecito & Restaurant,$$,3.6 ,16,Mexican,winnipeg,MB,"730 St Anne's Rd Unit M Winnipeg, MB R2N 0A2 Canada"
Red Top Drive Inn,$,4.1 ,35,Burgers,winnipeg,MB,"219 Saint Mary's Road Winnipeg, MB R2H 1J2 Canada"
Spicy Noodle House,$$,3.4 ,25,Chinese,winnipeg,MB,"99 Osborne Street Suite 102 Winnipeg, MB R3L 2R4 Canada"
Tandoor House,$$,4.0 ,6,Indian,winnipeg,MB,"598 Ebby Avenue Winnipeg, MB R3M Canada"
The Nook Diner,$,4.4 ,26,Diners,winnipeg,MB,"43 Sherbrook Street Winnipeg, MB R3C 2B1 Canada"
Les Saj Restaurant,$$,4.6 ,48,Middle Eastern,winnipeg,MB,"1038 St James Street Suite C1 Winnipeg, MB R3H 0K5 Canada"
Mona Lisa Ristorante Italiano,$$,3.3 ,29,Italian,winnipeg,MB,"1697 Corydon Avenue Winnipeg, MB R3N 0J9 Canada"
Silver Heights Restaurant & Lounge,$$,3.8 ,24,Steakhouses,winnipeg,MB,"2169 Portage Avenue Winnipeg, MB R3J 0L7 Canada"
Sam Po,$$,4.3 ,8,Dim Sum,winnipeg,MB,"277 Rupert Avenue Winnipeg, MB R3B 0N5 Canada"
Ben & Florentine,$$,3.6 ,43,Breakfast & Brunch,winnipeg,MB,"155 Scurfield Boulevard Winnipeg, MB R3Y 1L6 Canada"
Confusion Corner Drinks + Food,$$,3.8 ,28,Bars,winnipeg,MB,"500 Corydon Avenue Winnipeg, MB R3L 0P1 Canada"
Falafel Place,$$,4.4 ,47,Falafel,winnipeg,MB,"1101 Corydon Ave Winnipeg, MB R3M 0X3 Canada"
Kazoku,$$,4.0 ,22,Sushi Bars,winnipeg,MB,"30-2583 Pembina hwy Winnipeg, MB R3T Canada"
Frenchway Cafe,$$,3.8 ,16,French,winnipeg,MB,"238 Lilac Street Winnipeg, MB R3M 2T3 Canada"
Kimchi Sushi,$$,4.2 ,6,Korean,winnipeg,MB,"1270 Pembina Highway Winnipeg, MB R3T 2B1 Canada"
Elephant & Castle,$$,3.4 ,46,British,winnipeg,MB,"350 St Mary Ave Winnipeg, MB R3C 3J2 Canada"
Chosabi,$$,4.3 ,33,Asian Fusion,winnipeg,MB,"100 King Street Unit A Winnipeg, MB R3B 0P6 Canada"
Sushi Cushi,$$,4.0 ,35,Japanese,winnipeg,MB,"1045 St James Street Unit - K Winnipeg, MB R3H Canada"
King + Bannatyne,$$,3.9 ,35,Sandwiches,winnipeg,MB,"100 King Street Unit D Winnipeg, MB R3B 0P6 Canada"
La Belle Baguette,$,4.2 ,18,Coffee & Tea,winnipeg,MB,"248 Avenue de la Cathedrale Winnipeg, MB R2H 2V9 Canada"
Hsieh Family Restaurant,$,3.6 ,5,Taiwanese,winnipeg,MB,"230 Dalhousie Drive Winnipeg, MB R3T 2Z1 Canada"
The Oakwood,$$,3.6 ,30,Salad,winnipeg,MB,"660 Osborne Street Unit 4 Winnipeg, MB R3L 2B6 Canada"
Pizzeria Gusto,$$$,3.9 ,34,Pizza,winnipeg,MB,"404 Academy Road Winnipeg, MB R3N 0B8 Canada"
Ta.Ke Sushi Take-Out,$$,4.0 ,6,Sushi Bars,winnipeg,MB,"1235 Pembina Highway Winnipeg, MB R3T 2A9 Canada"
Naru Sushi,$$,4.3 ,26,Japanese,winnipeg,MB,"159 Osborne Street Winnipeg, MB R3L 1Y7 Canada"
Carnaval Brazilian BBQ,$$$$,3.3 ,32,Barbeque,winnipeg,MB,"270 Waterfront Drive Winnipeg, MB R3B 0L4 Canada"
Yellow Dog Tavern,$$,3.7 ,30,Pubs,winnipeg,MB,"386 Donald Street Winnipeg, MB R3B 2J2 Canada"
Dwarf No Cachette Cafe & Gift,$$,4.2 ,30,Japanese,winnipeg,MB,"157 Provencher Boulevard Winnipeg, MB R2H 0G2 Canada"
Cafe Carlo,$$$,3.5 ,17,Canadian (New),winnipeg,MB,"243 Lilac Street Winnipeg, MB R3M 2S2 Canada"
The Don Restaurant,$$,3.6 ,20,Breakfast & Brunch,winnipeg,MB,"120 Donald Street Suite 2 Winnipeg, MB R3C 4G2 Canada"
Dim Sum Garden Restaurant,$$,2.9 ,25,Dim Sum,winnipeg,MB,"2677 Pembina Highway Winnipeg, MB R3T 2H5 Canada"
Resto Gare Bistro,$$$,3.8 ,24,French,winnipeg,MB,"630 Des Meurons Street Winnipeg, MB R2H 2P9 Canada"
Wasabi Sabi,$$$,4.2 ,31,Sushi Bars,winnipeg,MB,"1360 Taylor Ave Winnipeg, MB R3M 3Z1 Canada"
Wako Sushi Cafe,$,4.1 ,11,Japanese,winnipeg,MB,"875 Corydon Avenue Winnipeg, MB R3M 0W7 Canada"
Sukhothai,$$,4.0 ,26,Thai,winnipeg,MB,"191 Osborne Street Winnipeg, MB R3L 1Z2 Canada"
Clay Oven East Indian Restaurants,$$,3.8 ,23,Indian,winnipeg,MB,"1 Portage Avenue E 3rd Floor Winnipeg, MB R3B 3N3 Canada"
Nuburger,$$,4.1 ,65,Burgers,winnipeg,MB,"472 Stradbrook Avenue Winnipeg, MB R3L 0J9 Canada"
Bangkok Thai Restaurant,$$,3.9 ,24,Thai,winnipeg,MB,"100 Osborne Street Suite 208,Floor 2 Winnipeg, MB R3L 1Y5 Canada"
Vientiane Restaurant,$$,3.8 ,13,Thai,winnipeg,MB,"12-208 Marion Street Winnipeg, MB R2H 0T6 Canada"
Delicious Vegetarian Restaurant,$$,4.5 ,20,Vegetarian,winnipeg,MB,"1467 Pembina Highway Winnipeg, MB R3T 2C5 Canada"
Sizzling Dhaba,$$,4.5 ,11,Indian,winnipeg,MB,"628A St Anne's Rd Winnipeg, MB R2C 0A1 Canada"
The Keg Steakhouse + Bar,$$$,4.1 ,40,Steakhouses,winnipeg,MB,"115 Garry St Winnipeg, MB R3C 1G5 Canada"
Southdale Village Family Restaurant,$$,4.0 ,6,Canadian (New),winnipeg,MB,"35 Lakewood Boulevard Winnipeg, MB R2J 2M8 Canada"
Feast Cafe Bistro,$$,4.4 ,18,Canadian (New),winnipeg,MB,"587 Ellice Avenue Winnipeg, MB R3B 1Z7 Canada"
The Rib Room,$$,3.3 ,4,Hotels,winnipeg,MB,"330 York Ave Winnipeg, MB R3C 0N9 Canada"
Helios Restaurant,$$,4.3 ,4,Greek,winnipeg,MB,"241 St Mary's Road Winnipeg, MB R2H 1J4 Canada"
The Park Cafe,$$,4.0 ,21,Breakfast & Brunch,winnipeg,MB,"330 Assiniboine Park Drive Winnipeg, MB R3P 2N6 Canada"
Saucers Cafe,$$,3.9 ,16,Cafes,winnipeg,MB,"570 Academy Road Winnipeg, MB R3N 0E3 Canada"
QDOBA Mexican Eats,$,3.9 ,21,Mexican,winnipeg,MB,"1340 Ellice Ave Unit 1 Winnipeg, MB R3G 0E9 Canada"
The Canadian Brewhouse,$$,2.5 ,28,Sports Bars,winnipeg,MB,"1715 Kenaston Boulevard Winnipeg, MB R3Y 1V5 Canada"
Mercadito Latino,$$,4.5 ,13,Mexican,winnipeg,MB,"570-C Sargent Avenue Winnipeg, MB R3E 0A2 Canada"
The Yellow Deli,$,3.6 ,5,Sandwiches,winnipeg,MB,"490 Des Meurons Street Unit 1 Winnipeg, MB R2H 2P5 Canada"
OPA! of Greece SmartCentres Kenaston,$,4.1 ,10,Greek,winnipeg,MB,"1639 Kenaston Boulevard Building F Winnipeg, MB R3P Canada"
